{"chunk_definitions":[{"row":16,"row_count":1,"visible":true,"expansion_state":0,"options":{"engine":"r","label":"unnamed-chunk-9"},"document_id":"65135E39","chunk_id":"c1cete4qx89le","chunk_label":"unnamed-chunk-1"},{"row":22,"row_count":1,"visible":true,"expansion_state":0,"options":{"engine":"r","label":"unnamed-chunk-20"},"document_id":"65135E39","chunk_id":"cerb1h9sr8dem","chunk_label":"unnamed-chunk-2"},{"row":51,"row_count":1,"visible":true,"expansion_state":0,"options":{"engine":"r","label":"unnamed-chunk-27"},"document_id":"65135E39","chunk_id":"cnuahm1blv36u","chunk_label":"unnamed-chunk-4"},{"row":57,"row_count":1,"visible":true,"expansion_state":1,"options":{"engine":"r","label":"unnamed-chunk-28"},"document_id":"65135E39","chunk_id":"c4lg29903q0f8","chunk_label":"unnamed-chunk-5"},{"row":68,"row_count":1,"visible":true,"expansion_state":1,"options":{"engine":"r","label":"unnamed-chunk-30"},"document_id":"65135E39","chunk_id":"cl2zwy61capnl","chunk_label":"unnamed-chunk-6"},{"row":78,"row_count":1,"visible":true,"expansion_state":1,"options":{"engine":"r","label":"unnamed-chunk-33"},"document_id":"65135E39","chunk_id":"cay34l2u2jjks","chunk_label":"unnamed-chunk-7"},{"row":84,"row_count":1,"visible":true,"expansion_state":0,"options":{"engine":"r","label":"unnamed-chunk-34"},"document_id":"65135E39","chunk_id":"cgyq6he6f4d0c","chunk_label":"unnamed-chunk-8"},{"row":89,"row_count":1,"visible":true,"expansion_state":1,"options":{"engine":"r","label":"unnamed-chunk-35"},"document_id":"65135E39","chunk_id":"chssyfkury323","chunk_label":"unnamed-chunk-9"},{"row":95,"row_count":1,"visible":true,"expansion_state":1,"options":{"engine":"r","label":"unnamed-chunk-36"},"document_id":"65135E39","chunk_id":"ce0x9nkkv5tsr","chunk_label":"unnamed-chunk-10"}],"doc_write_time":1656235273}