{"chunk_definitions":[{"row":18,"row_count":1,"visible":true,"expansion_state":0,"options":{"engine":"r","label":"setup","include":false},"document_id":"8F13CD3B","chunk_id":"csetup_chunk","chunk_label":"setup"},{"row":47,"row_count":1,"visible":true,"expansion_state":0,"options":{"engine":"r","label":"unnamed-chunk-1"},"document_id":"8F13CD3B","chunk_id":"cl34h6kbbcd1v","chunk_label":"unnamed-chunk-1"},{"row":54,"row_count":1,"visible":true,"expansion_state":0,"options":{"engine":"r","echo":false,"label":"unnamed-chunk-2"},"document_id":"8F13CD3B","chunk_id":"ccpfb19oj2asc","chunk_label":"unnamed-chunk-2"},{"row":78,"row_count":1,"visible":true,"expansion_state":0,"options":{"engine":"r","label":"unnamed-chunk-3"},"document_id":"8F13CD3B","chunk_id":"ct7abviu4i5zv","chunk_label":"unnamed-chunk-3"},{"row":114,"row_count":1,"visible":true,"expansion_state":0,"options":{"engine":"r","label":"unnamed-chunk-4"},"document_id":"8F13CD3B","chunk_id":"cqs4pszo5xufj","chunk_label":"unnamed-chunk-5"},{"row":125,"row_count":1,"visible":true,"expansion_state":0,"options":{},"document_id":"8F13CD3B","chunk_id":"c0jfzbev8n65m","chunk_label":"unnamed-chunk-6"}],"doc_write_time":1656227663,"working_dir":null,"default_chunk_options":{"warning":false,"message":false},"chunk_rendered_width":700}