"0",""
"0","# Make a box plot for each predictor "
"0","theme_set(theme_light())"
"0","penguins_select_long %>%"
"0","  ggplot(mapping = aes(x = species, y = values)) +"
"0","  geom_jitter(aes(color = species),"
"0","              width = 0.1,"
"0","              alpha = 0.7,"
"0","              show.legend = FALSE) +"
"0","  geom_boxplot(aes(color = species, fill = species), width = 0.25, alpha = 0.3) +"
"0","  facet_wrap(~predictors, scales = ""free"") +"
"0","   scale_color_manual(values = c(""darkorange"",""darkorchid"",""cyan4"")) +"
"0","  scale_fill_manual(values = c(""darkorange"",""darkorchid"",""cyan4"")) +"
"0","  theme(legend.position = ""none"")"
"0",""
